ID 543,,,,
,,,,
speaker,Utterance,Orientation about Mathematics,Orientation about Students,Orientation about Interaction
Episode 1: Homework Collection & Accountability,,,,
teacher,"Yes, Iâ€™m going to be writing, but itâ€™s going to be multiplication. Do I need to do anything with this? Take out your homework please, and you may have your snack. If you were not here yesterday and you didn't get the homework, please come get it from me.",Math is practiced via assignments to consolidate knowledge,Students as responsible for homework routines; positioned as accountable for bringing materials,
student,I used [inaudible] right there.,,,
teacher,"Okay. Take out your homework. If you were not here yesterday and you did not get the homework the day before, please come get it from me.",N/A (classroom management),Students as responsible for obtaining missed homework; accountability is individual,
student,I was [inaudible] homework from [inaudible].,,,
teacher,"Student B, were you here yesterday?",N/A (classroom management),N/A,
student,"Yeah, I was but [inaudible].",,,
teacher,Sit down.,N/A (classroom management),N/A,
student,[Inaudible],,,
teacher,"Oh, are you here to get it?",N/A (classroom management),N/A,
student,Yes.,,,
teacher,"Student M, if you were here yesterday, you should have got it. Did you do this last night? Sit down.",N/A (classroom management),"Students are accountable for homework completion; the teacher uses a directive, compliance-oriented tone",
student,It was [inaudible] last night.,,,
teacher,It was what?,N/A,N/A,
student,It was in [inaudible] last night.,,,
teacher,Then you did it.,N/A,N/A,
student,It wasnâ€™t.,,,
teacher,"You looked at your planner and you saw that you had a multiplication sheet, right?",N/A (classroom management),Students as self-monitors of their own homework; teacher expects them to track assignments via planner,
student,"Yeah, but I [inaudible].",,,
teacher,"Iâ€™ll give you this, Student M, but Iâ€™ve got to count it as missing because yesterday when I passed them out, if you didn't have it for some reason then you shouldn't have been packing up. Student G, too loud. Homework class? Let me have your homework class?",math as tasks and homeworks that students need to finish,"Students as accountable for homework under a rule-based system; missing work is framed as a consequence of student failure to act, not as a systemic issue",
student,I have a unicorn on mine.,,,
student,I did [inaudible].,,,
teacher,"No, you know the rules. Why would you walk out without asking me? Were you not here yesterday?",N/A (classroom management),Students as rule-followers who should not act without permission; compliance is expected,
student,Yeah.,,,
teacher,But did I give you the sheet?,N/A,N/A,
student,Yeah.,,,
teacher,"Just now, okay, so youâ€™ll give it to me Monday. Youâ€™re going to give it to me Monday, but Iâ€™m counting it as missing. What about you?",N/A (classroom management),Students as subject to consequences for missing homework; 'counting it as missing' positions student as deficit in responsibility,
student,My dad [inaudible] somewhere and [inaudible] he left for work.,,,
teacher,"Thatâ€™s a bummer. Bring it in on Monday. Youâ€™ve got to make it your responsibility too, Student L, to say, â€œDad, did you return that sheet, can I have it, can I put it back?â€ And you were not here, and you didn't get this the day before, right?",N/A (classroom management),Students as needing to take personal responsibility; teacher empathizes but redirects responsibility to the student,
student,Uh-Uh.,,,
teacher,"And you didn't get it the day before. You didn't know. Okay, Student G, I need this on Monday. Student G, I need it on Monday, and if I donâ€™t have it on Monday, itâ€™s going to go in your Friday folder. Okay? If you would have known that you were going to be absent yesterday, then you would have told me the day before, like a couple of the other people. But you didn't tell me. Please donâ€™t give me the â€œitâ€™s not fairâ€ stuff. All right, letâ€™s really quickly go over the sheet. The first one, what do we have, Student T?",,,
"This opening episode is dominated by classroom management and homework accountability. Like many daily classes, before class, teachers usually ask about the situation of students' homework and carry out routine classroom management. 1. Mathematics is barely referenced as content (or called subject and noun). It appears only as a label ('multiplication') and as a homework task to be completed and returned. The teacher's orientation toward students is compliance- and responsibility-focused: students are positioned as individually accountable for tracking, completing, and returning homework, with consequences (like ""Friday folder. "") attached to non-compliance. The tone is directive and rule-bound, with student explanations for missing work met with empathy in one case ('That's a bummer') but firm redirection in others ('Please don't give me the it's not fair stuff'). There is no mathematical reasoning, discussion, or sense-making in this episode; as for students, there is no distinct signal to distinguish teachers' perspectives on students as passive or positive learners. As for the interaction pattern, it is exclusively teacher-initiated directives followed by student compliance or explanation. The episode reflects a potentially deficit-adjacent orientation insofar as students are positioned primarily as rule-followers whose failures to comply are individually attributed. While we can not say that teachers “framing interactions between students as relatively inconsequential for learning.”",,,,
Episode 2: Homework Review — Checking Answers,,,,
student,"17,856.00",,,
teacher,"Good. The next one, Student A?",Mathematics as producing correct numerical answers,Students as answer-providers; named student called upon to supply the answer publicly,
student,"11,790.00",,,
teacher,Louder so everyone can hear.,N/A,,
student,"11,790.00",,,
teacher,"11,790, yes. Okay, the next one, Student D?",Mathematics as producing correct numerical answers,Students as answer-providers; correct answer confirmed and class moves on,
student,"39,112.00",,,
teacher,Louder and slower.,N/A,Give suggestions to students on needing to speak more clearly,
student,"39,112.00",,,
teacher,"102. You added an extra one in there somewhere. You can check your work and see if you can find it. Maybe you added incorrectly. 39,102. Next one, Student E.",Mathematics as procedural computation; Mathematics as requiring precision in quantitative language,Students as producers of errors; error is attributed to the student and framed as something to self-correct,
student,"39,259.00",,,
teacher,"Itâ€™s 39,759. So either you wrote it sloppy or you made a mistake in your calculations. Iâ€™ll do a couple on the board after if you need me to, but weâ€™re making lots of careless mistakes in both classes. Student K, the next one.",Mathematics as procedural computation; Mathematics as requiring precision in quantitative language,Students as producers of errors due to sloppiness or calculation mistakes; error is attributed to individual carelessness ,
student,"9,280.00",,,
teacher,"9,280. Next one, Student S?",,Students as answer-providers; correct answer confirmed briefly,
student,[Inaudible],,,
teacher,"Your hundred thousand is too high, but itâ€™s 43,332. If you need me to do that one after, I can. Student L, next one?",Mathematics as procedural computation (requiring accuracy in calculation); Mathematics as requiring precision in quantitative language,Students as producers of errors; error is named without elaboration of the reasoning behind it,
student,"I have a question, because [inaudible].",,,
teacher,"Yeah, itâ€™s graphs I think, population graphs. Donâ€™t worry about it. If itâ€™s falling on the ground we can put it on top, but donâ€™t worry about it printing. Okay, the bottom row, Student M?",Mathematics as multimodal / multi-representational practice,N/A,
student,"31,918.00",,,
teacher,"No, no that oneâ€™s pretty far off. Check your work on that one, Student M, because thatâ€™s pretty far off. Student E?",math as procedural correctness — teacher points out an incorrect answer and directs student to recheck work without exploring reasoning,,
student,"56,013.00",,,
teacher,"No, 56,018. Iâ€™ll do the last three just to go a little bit faster. 50,344, 52,416 and 85,374. Iâ€™ll do a couple problems on the board that you need me to go over, but you need to tell me which ones youâ€™d like me to show. Because again, tons of mistakes in both classes. Not because you donâ€™t know how to do it but because youâ€™re making mistakes in multiplying and then adding. Student T, tell me which one.",Mathematics as procedural computation; mathematics as remembering facts,Students as making tons of mistakes across classes; errors attributed to carelessness in multiplying and adding rather than conceptual difficulty; teacher offers board demonstration as support,
"Mathematics in this episode is framed exclusively as producing correct numerical answers to multi-digit multiplication problems. The interaction follows a rapid-fire IRE (Initiate-Response-Evaluate) pattern: the teacher calls on a named student, the student provides an answer, and the teacher confirms or corrects. When students give incorrect answers, the errors are attributed to carelessness ('you wrote it sloppy,' 'making lots of careless mistakes in both classes') or procedural slips rather than to conceptual difficulty. Students are positioned as answer-providers and error-makers rather than as mathematical thinkers. The teacher does offer support ('I'll do a couple on the board after if you need me to'), but the dominant framing treats mathematics as a performance of correct computation. This episode is strongly procedural and potentially deficit-adjacent in its orientation toward students, as errors are consistently attributed to individual carelessness rather than explored as opportunities for mathematical reasoning.",,,,
Episode 3: Board Work — Demonstrating Multiplication Problems,,,,
student,399 times 98.,,,
teacher,399 times 98.,Mathematics as procedural computation (multi-digit multiplication algorithm),N/A,
student,Yeah.,,,
teacher,"Well, thatâ€™s a hard one because we have lots of nines and an eight, and, Student M, those are harder facts. Put that away. You donâ€™t need it and face the board please. So Iâ€™ll do it myself and then you can tell me where you think you made a mistake and if you got what I got. So 9 times 8 is 72. Nine times 8 is 72 plus 7, so itâ€™s 79. Three times 8 is 24 plus 7 -- 31. Did you get that for the first row?",Mathematics as procedural computation; mathematics as remembering facts ('harder facts'),Students as needing to know multiplication facts; difficulty is attributed to the facts themselves being 'harder'; teacher models the step-by-step algorithm for students to compare against their own work,
student,Uh-huh.,,,
teacher,"That seems to be the case. A lot of people get the first row right and then they mix it up after that. Donâ€™t forget to add the zero and immediately cross out the two numbers. One person made a mistake in the last class because they forgot to cross out a number at the top and then they added it in. Nine times nine, Student T? Eighty-one. Nine times nine 81 plus eight is 89. And then three times nine is 27, plus 8, 35. Did you get this, Student T?",Mathematics as procedural computation (step-by-step algorithm with carrying),Students as making common procedural errors; errors are normalized across the class but attributed to procedural slips,
student,Uhâ€¦.,,,
teacher,So then you added wrong? Letâ€™s see. Nine plus 1 is 10. Nine plus 1 plus 1 is 11.,Mathematics as procedural computation (addition step within multiplication),Students as capable of identifying their own errors when guided through the steps,
student,"Oh yeah, yeah I did add wrong.",,,
teacher,"You added wrong. Thatâ€™s so silly, right? You do all the multiplication right, which is the hardest part, and all those steps, and then you add wrong. Student M?",Mathematics as procedural computation; mathematics as remembering facts,"Students as making 'silly' mistakes; the error (adding wrong after multiplying correctly) is trivialized, positioning the student as careless rather than as working through a complex multi-step process",
student,457 times 87.,,,
teacher,"457 times 87. Iâ€™ll do the same thing and let me know if you got what I have. Seven times 7 is 49. Thatâ€™s 35 plus 4 is 39, and 28 plus 3, 31. Do you have this?",Mathematics as procedural computation (step-by-step algorithm),Students as procedural followers who check their work against the teacher's demonstration,
student,Yes.,,,
teacher,"Okay. Zero â€“ cross off, cross off. Seven times 8, 56. Eight times 5 is 40 plus 5 â€“ 45. Thirty-two â€“",Mathematics as procedural computation (carrying and crossing off in algorithm),Students as procedural followers; teacher narrates each algorithmic step,
student,I forgot to add the five.,,,
teacher,Thatâ€™ll do it.,N/A,Students as capable of identifying their own procedural error,
student,"Yeah, itâ€™s a zero right there instead of a five.",,,
teacher,"So you did 40 instead of 45, okay. 32 plus four is 36. Iâ€™ll finish it out for anybody else who had questions on this one. Nine, 15, 7, 9, 3. Student S?",Mathematics as procedural computation,Students as procedural followers; teacher completes the problem for the class,
student,628 times 69.,,,
teacher,"Times 69? Okay. Again, notice all the ones that weâ€™re picking have higher facts? We really need to study these sevens, eights, nines and higher. Eight times 9 is 72. Two times 9 is 18, plus 7, 25. Then 54 plus 2 is 56. Do you have that?",Mathematics as procedural computation; mathematics as remembering facts,Students as needing to study higher multiplication facts; difficulty is attributed to insufficient fact memorization,
student,Yeah.,,,
teacher,"Okay, the first row seems to be easy, zero, did you cross off the 7 and the 2? Okay, 8 times 6, 48. Two times 6 is 12 plus 4 is 16, and 36 plus one is 37. Do you have that?",Mathematics as procedural computation (step-by-step algorithm),Students as procedural followers checking their work against the teacher's steps,
student,37â€¦,,,
teacher,"So you must have made a mistake with adding like Student T did. Okay, two â€“ five plus eight is 13. Six plus 6 plus 1 is 13. Seven plus 5 plus 1 is also 13 and 3 plus 1 is four.",Mathematics as procedural computation (addition within multiplication),Students as making errors similar to peers; errors are normalized but attributed to procedural slips,
student,Thatâ€™s what I got.,,,
teacher,"Oh, Student S. Well, thatâ€™s the right answer.",math as procedural correctness — teacher confirms answer correctness without exploring reasoning,Students as capable of arriving at the correct answer; teacher expresses mild surprise and confirmation,
student,[Inaudible],,,
"This episode extends the procedural orientation of Episode 2 into teacher-led board demonstrations of multi-digit multiplication. The teacher works through three student-requested problems step by step, narrating the algorithm aloud while students check their own work against the teacher's. Mathematics is framed as a precise, step-by-step procedure where errors arise from not knowing facts well enough or from 'silly' addition mistakes. The characterization of errors as 'silly' trivializes the cognitive demands of multi-step multiplication and positions students as careless rather than as learners navigating a complex algorithm. At the same time, the teacher does normalize errors ('A lot of people get the first row right and then they mix it up after that') and helps students identify exactly where their procedure went wrong, which provides some diagnostic support. The dominant orientation remains procedural and fact-recall-based, with students positioned as procedural followers who compare their work to the teacher's model.",,,,
Episode 4: Transition to Timed Multiplication Quiz,,,,
teacher,"Iâ€™m not going to show any more for right now because I want to keep moving, but please know that the mistakes that youâ€™re making, youâ€™re making because you donâ€™t know your facts well enough, or youâ€™re making because you make silly mistakes with adding. So please keep studying those facts. What weâ€™re going to do next is take another 100 multiplication quiz. And this oneâ€™s a little bit harder because it has more of the higher facts. Please take this sheet and put it â€“ hereâ€™s what I want â€“ listen please. If the sheet is complete, because you were here yesterday or you did it last night either way, put it in your math folder. For Student G and Student M I think, and Student D and whoever else I might have just given this to just now, I want you to put it into your homework folder. So if itâ€™s complete, math folder, because you donâ€™t need to worry about it. If itâ€™s incomplete, homework folder, because you need to bring it home. And if itâ€™s not back here to me by Monday, then itâ€™s going to go in your Friday folder, so make sure that gets home and done. All right, Iâ€™m going to pass out your quiz. What I would like you to do in the meantime is flip â€“ or not flip, Iâ€™m going to flip it over, youâ€™re not going to flip it over, youâ€™re going to keep it the way I put it. Please take out a pen that is not black so we can grade these right after we take them.",Mathematics as remembering facts; mathematics as a timed / performance-based practice,Students as making mistakes due to insufficient fact knowledge or carelessness; students are sorted into complete/incomplete categories with consequences attached,
student,Why canâ€™t it be black?,,,
teacher,"Why canâ€™t you just do what I say and not question me, Ms. B?",,,
student,Can we have one of your pens later if we donâ€™t have one.,,,
teacher,"If you donâ€™t have your own. But if you have your own, use yours first. Do not flip these tests over yet. Do not flip that over, Student G, do not even think about it.",N/A (classroom management),Students as needing to follow instructions precisely; compliance is enforced,
student,How many minutes do we have?,,,
teacher,"Well, hereâ€™s what I did with the last class. Ssssh. Iâ€™ve been asked the question how many minutes do we get for this one. Yesterday I thought, wow, almost everybody finished in seven minutes, that was so great, maybe Iâ€™ll do six today. And then I saw that the last class needed â€“ a lot of them were still working after six, so I gave them 7 minutes, 15 seconds, which was exactly what I gave them yesterday. And a lot of kids did really well and some kids didnâ€™t do quite as well because they donâ€™t know their higher facts. So I will give you 7 minutes, 15 seconds just like yesterday, and if you donâ€™t do as well just know that you have some facts that you need to keep studying. When weâ€™re finished we will switch with a partner or three-way just so that nobody has their own paper and Iâ€™ll pass out pens for those who need them. So for the people who werenâ€™t here yesterday, and thereâ€™s a lot of you, basically this is out of 100 points and however many you get right is what your score is. So if you get 90 out of 100, thatâ€™s a 90 percent, because remember percent is always out of 100. So my advice is if you get stuck on something, donâ€™t sit there counting in your head, move on, because you want to come back to the hardest ones at the end. Do as many as you possibly can first to get your score high and then go back afterwards to the ones that were harder at the very end. The people who werenâ€™t here yesterday I might just time you for 7 minutes or so today for yesterdayâ€™s test because I want to get that one too. If not, weâ€™ll get it done next week. Whatâ€™s your question?",Mathematics as a timed / performance-based practice; mathematics as remembering facts,"Students as performers on a timed assessment; success is framed as knowing facts, and lower performance is attributed to not knowing 'higher facts'; strategic test-taking advice is offered",encourages peer paper exchange after work completion
student,"Excuse me, are these all two digits, one digits, or just one digit?",,,
teacher,"Theyâ€™re all facts. So itâ€™s going to go up through 12 times 12 but just facts. Youâ€™re not actually doing work, theyâ€™re facts that you should know. And youâ€™re good at your facts, so donâ€™t worry about it. Other questions? Donâ€™t write your name until the end. If you finish before the 7 minutes 15 seconds is up, write your name. Otherwise when I say stop youâ€™ll write your name. You should have a pencil in your hand, not a pen, because youâ€™re taking the test with a pencil. Okay, flip it over and you may begin.",Mathematics as remembering facts ('facts that you should know'),"Students as expected to have memorized multiplication facts up to 12x12; one student is reassured, positioning fact knowledge as a fixed trait",
"This transitional episode bridges the homework review and the timed multiplication quiz. Mathematics is framed as a timed performance activity centered on fact recall: students are expected to know their multiplication facts up to 12x12, and the quiz is positioned as a measure of that knowledge. The teacher's advice is strategic ('if you get stuck on something, don't sit there counting in your head, move on') rather than conceptual, framing mathematics as a speed-and-accuracy task. Students are positioned as performers whose scores reflect their fact knowledge, with lower performance attributed to not knowing 'higher facts.' One notable moment occurs when a student asks why the pen cannot be black and the teacher responds, 'Why can't you just do what I say and not question me'. This explicitly shuts down student questioning and reinforces a compliance-oriented interaction pattern. The episode is deficit-adjacent in its framing of mathematics as memorization and its positioning of students as compliant test-takers.",,,,
Episode 5: Quiz Administration & Peer Grading,,,,
teacher,"Stop if youâ€™re still working. Please put your name on it. If youâ€™re done your name should already be on it. Please make sure it is, first and last, and now you may switch papers with your partner. If your partnerâ€™s not here, please do another switch just so you donâ€™t have your own.",N/A (quiz administration),Students as test-takers following procedural instructions for paper exchange,encourages peer paper swapping for collaboration
student,[Inaudible],,,
teacher,"Yes we do, Student G.",N/A (classroom management),N/A,
student,I donâ€™t have a [inaudible] pen.,,,
teacher,"Raise your hand if you need a pen, a blue pen. You canâ€™t use black; anything else is fine. Thatâ€™s not black. All right, letâ€™s talking about grading this for the people who were not here yesterday, hereâ€™s how weâ€™re going to grade this. Student E, listen up. For the people who were not here yesterday, Student M, if we get it right, your partner gets it right, you donâ€™t do anything, you leave it alone. If they get it wrong then you circle the answer. If itâ€™s wrong you circle it. If they skip it you circle it, because itâ€™s considered wrong either way. At the end weâ€™re going to count up how many they missed and weâ€™re going to circle it at the top. Weâ€™re not gonna write a percent unless they get 100 percent. But I say count it twice because I want to make sure we get the right number and that weâ€™re accurate. If you have a question you can put a little question mark next to it and you can ask them at the end. But after youâ€™ve done the question mark, I need to know if itâ€™s right or wrong by putting a check if itâ€™s right or you can put an X if itâ€™s wrong after that. Those are the only for the ones youâ€™re questioning. If you know obviously itâ€™s wrong, because their answer looks totally wrong, then you just circle it. Are there questions? Student C?",N/A (quiz administration),N/A,emphasizes peer checking and accountability in grading
student,I donâ€™t have a pen.,,,
teacher,"Okay, well, theyâ€™re right here, and I already asked people who needed pens? Any other questions before I start grading? Your eyes should only be on the paper that youâ€™re grading, not like this â€“ looking over to see what your neighbor is doing with your paper. Please do a good job because this is somebody elseâ€™s grade. Student D?",N/A (quiz administration / grading instructions),Students as responsible graders of peers' work; positioned as accountable for accuracy in grading,emphasize the rule of peer checking
student,I just had one question. So you donâ€™t write theâ€¦,,,
teacher,You donâ€™t have to worry about writing the right answer.,math as process over correctness — teacher emphasizes learning without pressure on right/wrong answers,N/A,
student,But you donâ€™t write the score unless itâ€™s 100 percent?,,,
teacher,"You donâ€™t write the percent unless itâ€™s 100 percent. If they miss four you put minus four and you circle it. You donâ€™t worry about percent unless they got 100, because Iâ€™ll write the percent on there. At the end youâ€™ll get your paper back so you can see how you did, so donâ€™t worry about looking over in the meantime. So please be looking at your paper the entire time. And again, for the people who werenâ€™t here yesterday, youâ€™re not writing in the right answer, youâ€™re just circling it because Iâ€™m going to go fast and you might not have enough time to do that. Student G, do you know how to grade this paper?",N/A (grading instructions),Students as graders following a specific marking protocol; teacher maintains control over the scoring system,emphasize the rule of peer checking
student,Yeah.,,,
teacher,What do you do if itâ€™s right?,N/A (grading instructions),N/A,
student,[Inaudible].,,,
teacher,"No, I mean what if the problem is right.",math as communicable reasoning — teacher prompts reconsideration of problem correctness to encourage thinking,N/A,
student,You do nothing.,,,
teacher,And what if itâ€™s wrong?,math as procedural correctness — teacher prompts consideration of correctness of an answer,N/A,
student,You circle it.,,,
teacher,"Okay. Sounds like weâ€™re ready to go then. Eyes on your paper please. Student G, I need the paper facing you. I need your body turned, I need your chair turned. I need your chair turned, please. Thatâ€™s not turned, thatâ€™s just moved in more. Turn it. And please be looking at that paper the entire time. What?",N/A (quiz administration),Students as needing constant behavioral reminders; compliance is micro-managed,
student,[Inaudible],,,
teacher,"Itâ€™s right there. Okay, first row. Remember with questions at the end you can tell me the numbers, these are numbered. Eyes on your papers, pens in hand. 36, 42, 21, 88, pen in hand, Student G, for when you have to circle. 54, 54 again, 24, 60, 48, 30. Student J, I need your eyes on that paper the entire time. I donâ€™t want to keep saying this. Second row starting with 11 -- 72, 108, 66, 80, 12, 40, 99, 16, 110, 60. Questions on that row? Yes?",Mathematics as remembering facts (rapid-fire answer calling),"Students as graders checking peers' fact recall; teacher reads answers at speed, positioning mathematics as a rapid-recall activity",
student,[Inaudible],,,
teacher,"110. Starting with number 21 -- 72, 99, 100, 36, 25, 48, 90, 9, 120, 35. Next row starting with number 31 -- 132, 18, 48, 36, 20, 28, 72, 64, 28, 33. Student L?",Mathematics as remembering facts,Students as graders; rapid answer delivery continues,
student,What was number 36 â€“ I mean 31?,,,
teacher,"132. Check that one because that seems to be a hard one sometimes. All right, starting on number 41. Eyes on papers, please. 30, 84, 96, 20, 55, 55, 24, 24, 12, 40. Student T?",Mathematics as remembering facts,"Students as graders; '132' noted as 'a hard one sometimes,' acknowledging difficulty in specific facts",
student,Will you read [inaudible]?,,,
teacher,"I will read it very quickly. 30 â€“ this is just for Student T â€“ 84, 96, 20, 55, 55, 24, 24, 12, 40.",Mathematics as remembering facts,N/A,
teacher,"Okay, starting with number 51 -- 70, 77, 35, 77, 44, 90, 42, 50, 20, 81. Student E, I donâ€™t want to see your eyes leave that paper one more time. Next row -- 27, 15, 30, 48. Iâ€™m on number 65. 30, 84, 32, 50, 24, 80. Student E?",Mathematics as remembering facts,Students as graders; behavioral compliance reiterated,emphasize the rule of peer checking
student,What was 64?,,,
teacher,"Forty-eight. Number 71 Iâ€™m on -- 36, 120, 110, 60, 15, 49, 66, 45, 56, 121. Number 80 is 121. Second to last row, 56 â€“ Student G, eyes on your paper -- 40, 72, 32, 60, 63, 88, 18, 44, 27. Last row, 40, 33, 36, 108, 21, 45, 63, 70, 96, 15. If they got 100 you may write 100 percent or minus 0. Anything else, please count up the numbers that they missed twice, mark minus whatever at the top and circle it. Student K?",Mathematics as remembering facts,N/A,
student,What was 99?,,,
teacher,Ninety-nine is 96. Student K?,Mathematics as remembering facts,N/A,
student,What was 80?,,,
teacher,121. Give them back to your neighbor so I can come get them please. What does that mean? Who wrote that?,N/A (quiz administration),N/A,encourages peer sharing through passing papers
student,"100 percent, minus 6.",,,
teacher,How many did they miss?,math as quantitative reasoning — teacher prompts students to determine a numerical difference or error count,N/A,
student,6,,,
teacher,"Cross that out and write minus 6. I never said do a subtraction problem. All right, who did Student Mâ€™s? Student J? Is this right or wrong? I need a check. I canâ€™t just have question marks.",N/A (grading administration),Students as needing to follow grading conventions precisely; teacher corrects grading format,
student,He got the last one wrong.,,,
teacher,"[Inaudible], all right, Student C who?",N/A,N/A,
student,"Thatâ€™s minus 11, not 41.",,,
teacher,"Good, Student G.",N/A,"Students as capable of catching grading errors; 'Good, Student G' affirms the correction",
student,It was an accident [inaudible].,,,
teacher,"As long as the number at the top is accurate. Student C, scoot, you need to go on the [inaudible] tomorrow, okay.",math as procedural correctness — teacher emphasizes accuracy of a specific number without exploring reasoning,N/A,
student,He didn't put a question mark [Inaudible].,,,
teacher,He didn't put a question mark what?,N/A,N/A,
student,[Inaudible],,,
student,One of them looked like a 29.,,,
teacher,How many problems did you do that way?,math as communicable reasoning — teacher prompts reflection on problem-solving approach,N/A,
student,"He did it with 4, but one was wrong.",,,
student,"One was exactly wrong, I knew that.",,,
student,One of them looked like 29.,,,
teacher,"What is that, Student T?",N/A,N/A,
student,Itâ€™s a 55.,,,
student,"And I donâ€™t understand, because he made a circle, and look at that 5 down there.",,,
teacher,"So you have 1 wrong. Okay, Student T, try to be neat. Itâ€™s a minus 1, right? If you borrowed my pen, please hold it up so I can come get it. Pens that I passed out, please hold it up. Pens. Student E, pen. Pen. Pens, girls. Do you have my pens?",N/A (quiz administration),Students as needing to be neat; grading dispute is resolved pragmatically,
"This extended episode covers the administration and peer grading of a 100-question timed multiplication facts quiz. Mathematics is reduced to rapid fact recall: the teacher reads answers at speed while students grade peers' papers. The interaction is almost entirely procedural and administrative — focused on grading conventions, behavioral compliance ('I don't want to see your eyes leave that paper'), and logistical management of the grading process. There is no mathematical reasoning, discussion, or sense-making. Students are positioned as graders and rule-followers, with the teacher maintaining tight control over the process. The episode reinforces the framing of mathematics as memorized facts to be recalled under time pressure and checked for correctness. This is the most strongly deficit-adjacent episode in terms of mathematical orientation, as it reduces mathematics entirely to fact recall and positions students as performers on a speed test.",,,,
Episode 6: Introduction to Script-Writing Activity,,,,
teacher,"Letâ€™s talk about our skits now, I mean our Reader Seeder scripts. I need your attention please. Thank you. Weâ€™re going to talk about your scripts now. In the last class we only had maybe 15 minutes, because our class is a couple of minutes longer than that one on Fridays. We actually have closer to a half an hour, which is great. Student M, face me. Your whole body, under your chair. We had a lot of people out yesterday, but what we did yesterday was we went back to these scripts and some people started writing more and coming up with new ideas, slightly different, and some werenâ€™t different at all. And what I did yesterday, I went around to every group just to get an idea of where they were, to see that everyone was on the right track and maybe lead you in a different direction if it wasnâ€™t seeming to work. So what youâ€™re going to do today is youâ€™re going to continue from where you left off yesterday and Iâ€™ll make my rounds, Student M, to every group, and I think I said Iâ€™d start with your group, right, you and Student J and whoeverâ€™s with you.",Mathematics as embedded in creative / narrative practice (script-writing about math concepts),Students as script-writers and creative producers of mathematical content; the activity positions students as authors who will eventually 'type up' and perform their mathematical scripts; teacher provides structure while acknowledging varied progress,encourages peer group collaboration and discussion
student,Heâ€™s in our group.,,,
teacher,And then â€“ are you coming at all?,N/A,N/A,
student,No.,,,
teacher,"Okay, then Iâ€™ll come to you. Are you sure?",N/A,N/A,
student,"Yeah, weâ€™re positive.",,,
teacher,"Okay, then Iâ€™ll come to you first and then Iâ€™ll go to Student M and Student J. But Iâ€™ll make my way around to everybody. We have half an hour, so that should be fine. I need you to continue from where you left off, keeping in mind, please, that weâ€™re not assigning roles. Weâ€™re not saying numbers, weâ€™re not assigning roles. Weâ€™re not giving gestures and sound effects, Student S and E, weâ€™re just writing the script. Thatâ€™s it. Weâ€™re just writing everything. That stuff will come later. When you turn these in back to me, every single thing thatâ€™s in here needs to stay in here. And the first thing I want to see on top is the slip that says what youâ€™re supposed to do, because this is important and this you canâ€™t lose. Whoeverâ€™s recording needs to be nice and neat, please, and I donâ€™t mind if the reporter switches every time as long as you are nice and neat. Student E, is there a question?",Mathematics as embedded in creative / narrative practice; mathematics as communicative,Students as collaborative script-writers working in groups; teacher provides detailed procedural expectations for the writing process while positioning students as capable of producing polished mathematical scripts; a model script is provided as a reference,"encourages orderly group roles without performance elements. Organized students in collaborative writing groups, and peer interaction was treated as central to the task"
student,"I think itâ€™s kind of done because when we started â€“ like the first day we started by writing like one, two, three [inaudible].",,,
teacher,"Okay, I told you not to do that from day one. I told you not to do it yesterday. And your groupâ€™s not done; no group is done.",N/A,Students as needing redirection; teacher firmly corrects and asserts that no group is finished,
student,"Not from yesterday, like when we started.",,,
teacher,"Yeah but I said the same thing back then, that we werenâ€™t adding those things in. But no group is finished. Thereâ€™s a lot of tweaking that we need to do in order to make these ready to actually type up. Now for the people who were not here yesterday, I gave everybody who was here yesterday a script that Mrs. C and I wrote, and I did share this with the entire class, Student E, a few months ago, but yesterday I passed it out to everybody and we, as a class, practiced reading it. So for the eight people that were not here yesterday, I will give you that same piece of paper and youâ€™re gonna save it in your math folder so that you have a good idea of how often I did single lines, how often I had group lines, how often I had the entire class, where and when I put in sound effects and gestures. So youâ€™re not gonna lose that sheet, youâ€™re gonna keep it. It was this one and itâ€™s gonna stay in your folder just to give you an idea of how an ending script will look. Weâ€™re gonna sit around the room. You can either sit in clumps at desks or you can sit on the floor, but I canâ€™t have any group right next to another. I had two groups up here yesterday and it was too close, it didn't work. So we can sit behind tables, we can sit at desks, but I want to see everybody only speaking to their group members, youâ€™re not allowed to talk to another group. I want one person, please, talking at a time so that it doesnâ€™t get too loud. The last class did a pretty good job with that, even in just that 15 minutes, so I need you to do a nice job too. Student D?",Mathematics as embedded in creative / narrative practice,Students as script-writers who need a model; teacher distributes a sample script to guide the format and style of the final product; students are positioned as capable of producing work that will be 'typed up',encourages structured group discussion within groups only
student,"Can our group have the blue, round table like we had yesterday?",,,
teacher,"Oh thatâ€™s why I didnâ€™t go to you. I forgot you were out there. Yes. I was going to say, I thought I went to every one in the class, but thatâ€™s why, you were out there. Yes. Student C?",,,
student,Me and Student R and Student L and Student G [inaudible].,,,
teacher,"No, because I want to monitor to make sure that everybody in your group is doing a good job, if you know what I mean, Student C. And then if the answer is, yes, if everyone did a good job, then you can go in next week. Okay? Yes?",N/A (classroom management),Students as needing behavioral monitoring before earning privileges; trust is conditional on demonstrated good behavior,encourages group accountability but no explicit value on peer interaction for learning
student,[Inaudible].,,,
teacher,"Thatâ€™s fine. All right, so I have Student Tâ€™s group here. And for the people out yesterday, other people, you need to tell them what you did yesterday. So like Student T doesnâ€™t know, she wasnâ€™t here, so make sure you catch those people up. All right, hereâ€™s yours. Student D, hereâ€™s your group, and Iâ€™ll come to the hall, and then Iâ€™ll come to Student J. Student Tâ€™s group, Student E, Student E, Student S. Student Sâ€™s group. Student C, Student R, Student Lâ€™s group. And you guys are okay. I want you to do a good job with your group.",N/A (group logistics),Students as responsible for catching up absent group members; peer support is expected,Encourages peer sharing to catch others up
student,Yeah.,,,
teacher,The reason that I canâ€™t have your group in the back room is because of your behavior last time.,N/A (classroom management),Students as having lost trust due to prior behavior; privilege (back room) is withheld as a consequence,
student,Okay.,,,
teacher,"Show me that you can do a good job with them and that youâ€™re only being helpful, and then Iâ€™ll feel like I can trust you to be in the back room with your group.",N/A (classroom management),Students as capable of earning back trust through demonstrated good behavior; conditional framing,encourages collaborative group work
student,Okay.,,,
teacher,"All right, go find them.",N/A,N/A,
"This episode marks a significant shift in the lesson's orientation. The teacher introduces a creative script-writing activity in which student groups write mathematical scripts (similar to TV shows or commercials) that explain mathematical procedures and concepts. Mathematics is now framed as embedded in creative, narrative practice — students are positioned as authors, script-writers, and producers of mathematical content. The teacher provides detailed structural expectations (no role assignment yet, focus on writing the full script, use the model script as a reference) while positioning students as capable of producing work that will eventually be 'typed up' and performed. However, the episode also contains significant classroom management and behavioral monitoring, with trust framed as conditional on demonstrated good behavior. The shift from the procedural, fact-recall orientation of Episodes 1-5 to this creative, student-authored practice is striking and represents a move toward a more asset-based orientation, though the behavioral management elements retain a compliance-oriented tone.",,,,
Episode 7: Group Coaching — Fractions Script,,,,
student,Can I sit in the chair?,,,
teacher,"Yes. Student K, Student L, be really careful with that thing, I really donâ€™t want your feet anywhere near it. It might be better for you all to sit on the floor. I donâ€™t want you standing. Youâ€™re going to be standing for 25 minutes.",N/A (classroom management),N/A,
student,"Bye, [inaudible] buy a [inaudible] for only $9.95.",,,
teacher,"Youâ€™re going to have to be quieter than you are right now. Letâ€™s move the table down a little bit, and then weâ€™ll move it back at the end. [Moving table] Ssssh, because you have Miss Hâ€™s class there and the other class is there, so you canâ€™t be so loud.",N/A (classroom management — noise level),N/A,
student,"So what we did was we wrote, and so the caller said, okay, I get it, thank you, bye. And then we wrote, so buy a math [inaudible] for only $99.99. And thatâ€™s all we did.",,,
student,And since this was so sloppy we just wrote a new one because [inaudible].,,,
teacher,"Okay, are you finished re-rewriting that? Because if youâ€™re done then you can â€“",N/A,N/A,
student,No.,,,
teacher,"Okay, well when you are, we should recycle whatever you donâ€™t need any more. Okay, so I remember writing this with you last time. So where is the beginning?",N/A,N/A,
student,Right here.,,,
teacher,And this comes â€“,N/A,N/A,
student,We actually added two gestures because we forgot.,,,
teacher,"Okay, donâ€™t do any more of that. Where does that come? Is that after this?",math as procedural sequencing — teacher focuses on the order of steps in a procedure,Students as needing to follow the teacher's directive about not adding gestures yet,
student,Itâ€™s connected to that.,,,
teacher,I need to know what order Iâ€™m reading this in.,N/A,Students as needing to organize their writing clearly for a reader,
student,This is first and then this.,,,
teacher,"All right, â€œAnd now a message from our sponsor. Are you having trouble adding and subtracting fractions, question mark.â€?",Mathematics as embedded in creative narrative (commercial/TV show format for teaching fractions),"Students as creative authors who have embedded fraction content in an engaging commercial format; teacher reads the script aloud, validating the student-authored content",
student,This is like a TV show.,,,
teacher,Okay. You need the math pad. You need the math padâ€¦,Mathematics as embedded in creative narrative,Students as script-writers; teacher reads and engages with the student-authored mathematical content,
student,â€œItâ€™s just like an iPad.â€,,,
teacher,"â€œItâ€™s just like an iPad. With special features your Math Pad will help you solve all your problems. Now weâ€™re going to take some callers and weâ€™re going to solve all their problems. Caller, how to subtract fractions with like denominators?â€ You guys know that question marks have questions, come on. â€œSay you were doing 3/5 minus 1/5, you would subtract 3 minus 1 and you getâ€ â€“ what does that say?",Mathematics as procedural (subtracting fractions with like denominators); mathematics as embedded in narrative,"Students as authors of mathematical explanations embedded in a creative script; teacher reads and engages with the mathematical content, noting punctuation issues but treating the mathematical reasoning as valid",
student,And you get two. Thatâ€™s just a gesture that you put in.,,,
teacher,"So like that, like you were about to say? And you get â€“",N/A,N/A,
student,Two.,,,
teacher,Two.,N/A,N/A,
student,And you do not do anything to the denominator.,,,
teacher,"And you do not â€“ oh, and you do nothing, okay, to the denominator.",Mathematics as procedural (the denominator 'stays the same' in like-denominator subtraction),Students as mathematical explainers; teacher refines the student's language for clarity while preserving the student's mathematical idea,
student,And it goesâ€¦,,,
teacher,"Okay, Student M. Iâ€™m going to say â€œwhich means it stays the same,â€ just so thatâ€™s clear.",Mathematics as requiring precise mathematical language,Students as mathematical writers whose language needs refinement for audience clarity; teacher adds a clarifying phrase to the student's script,
student,I thought [inaudible].,,,
teacher,"All right, â€œwhich means it stays the same.â€ â€œSo your answerâ€™s one-fifth. Caller, now I get it, but how do you subtract fractions with unlike denominators?â€ Okay, so, but use â€“",Mathematics as procedural (subtracting fractions with unlike denominators); mathematics as embedded in narrative,Students as authors of a multi-step mathematical explanation; teacher reads the script and engages with the mathematical content,
student,So letâ€™s â€“,,,
student,You told me it said but.,,,
teacher,It doesnâ€™t matter. â€œSo letâ€™s use two-thirds minus one-half as an example.â€ And thatâ€™s where this comes in?,Mathematics as procedural (finding common denominators by multiplying); mathematics as embedded in narrative,Students as mathematical script-writers; teacher reads and confirms the mathematical procedure within the script,
multiple students,Yes.,,,
teacher,"Okay, â€œwhere six is the denominator in both, letâ€™s use a fraction 2/3 first. You have to multiply the denominator, 3, by 2, to get 6, and you do the same to the numerator. So 2 x 2 is 4, so the new fraction is 4/6. Right. Now do the same to Â½.â€ Yeah, that would be 3/6. Okay.",Mathematics as procedural (equivalent fractions through multiplication),Students as mathematical script-writers; teacher reads and confirms the procedure,
student,And then we still have [inaudible].,,,
student,Should we say â€œwhen 6 is the denominatorâ€ instead of â€œwhere 6 is the denominatorâ€?,,,
teacher,"Either probably. I feel like I want to add in something else with that too. Student E, are you doing a good job working with your group? Do you have Mr. Wâ€™s number? Do you want me to text him and ask him to come up?",N/A (classroom management),N/A,
student,[Inaudible].,,,
teacher,Thatâ€™s a pain.,N/A,N/A,
student,[Inaudible] for Mr. W.,,,
teacher,"â€œSo letâ€™s use 2/3 and Â½ as an example where 6 is the denominator in both.â€ I think I want to add â€œbecause,â€ I want to say why, because itâ€™s not quite clear. â€œBecause 2 and 3 both go into 6. They are factors of 6.â€ Or the other way to say it would be 6 is a multiple of both. Okay. So then youâ€™re going to what, that page?",Mathematics as conceptual understanding (explaining why 6 is the common denominator — because 2 and 3 are factors of 6); mathematics as requiring precise mathematical language,Students as mathematical explainers who need to articulate the 'why' behind procedures; teacher adds conceptual reasoning to strengthen the script's mathematical explanation,
student,"And then weâ€™re going to say, where are we, okay so [inaudible].",,,
student,Itâ€™s on the back.,,,
teacher,Because this comes next. You were going to keep writing on this page?,,,
student,No.,,,
teacher,"You donâ€™t want to write on this page, because this goes to this. So either write here or start another piece of lined paper. You might want to number these.",N/A,"Students as needing organizational guidance for their writing (numbering pages, choosing where to write)",
student,We finished.,,,
teacher,"Itâ€™s unbelievable that youâ€™re saying those things right now. Unbelievable. You were supposed to be working with your group on a script, and instead I hear those kinds of jokes from out in the hallway while Iâ€™m working with another group. Go back to your seat for right now. You cannot work with your group right.",N/A (classroom management / behavioral),Students as subject to behavioral consequences; teacher expresses strong disapproval and removes student from group work,
student,What are you supposed to do?,,,
teacher,"Student T, stop asking me that question when Iâ€™m talking to Student E? Sit down. I heard you. Would you like me adding that to your planner to what I said to your dad already? You donâ€™t think, you just act. You donâ€™t think about what youâ€™re actually doing. Okay, so you finished that paragraph from yesterday, right? Put a one on that page. All right. â€œYou run a number [inaudible] like this. Starting with the 5 in the tens place there is a 3 to the right of 5 and 3 is 4 or less so you round the 5 down. There is a 5 to the right of the 0 and 5 or higher you round that, so you round the 0 to 1. Thereâ€™s a 0 to the right of the 2, so since the 0 is 4 or less, the 2 stays the same.â€ Okay, and this part you did on your own. â€œThe 7 is to the left of theâ€¦â€ okay how come you started saying â€œto the leftâ€ when every other time you said â€œto the rightâ€? You canâ€™t switch the order. Look, there a 3 to the right of the 5. Thereâ€™s a 5 to the right of the 0. Thereâ€™s a 0 to the right of the 2. Now youâ€™re saying to the left. Youâ€™re confusing this. You need to go in the exact same order for all of them.",Mathematics as requiring consistency and precision in mathematical explanation (rounding script),Students as mathematical writers who must maintain logical consistency in their explanations; teacher identifies an inconsistency and insists on revision; student is positioned as capable of self-correcting by rereading their own work,
student,7 to the right of the 9.,,,
teacher,"Student J, no. Youâ€™re on â€“ youâ€™ve done the 5 and the 0 and the 2. I think we did the 2. Now youâ€™re looking at the 7. And instead of saying thereâ€™s a 2 to the right of the 7, and the 2â€™s what you look at to round the 7, you said there was a 7 to the left of the 2, which is totally confusing. Iâ€™m not going to read the rest until you fix those things. So you make sure itâ€™s all consistent, and if you forget what Iâ€™m talking about or you donâ€™t quite get it, reread what I wrote. You always say whatâ€™s to the right of the number being rounded. Guys, can you all sit on the floor so youâ€™re actually together as a group? Student R, push in my chair and sit on the floor please.",Mathematics as requiring consistency and precision in mathematical explanation,Students as mathematical writers capable of self-editing; teacher provides the logical principle and directs student to reread and fix independently,encourages whole-group gathering but no clear peer interaction about math
student,Letâ€™s go over here.,,,
teacher,"Here is fine. I want everybody sitting, everyone together. If you want get a board. Student G, get up, Student G, come on. Are you done with your group?",N/A (classroom management),N/A,"implies group work, so values peer interaction"
student,Yeah.,,,
teacher,"If you need to tie your shoe, come over here and tie your shoe.",N/A,N/A,
student,"I think that we should get another paper and then label the lines, label the lines so that we can say like â€œbefore line one.â€",,,
"The teacher works closely with a group writing a fractions script formatted as a TV commercial for a 'Math Pad.' Mathematics is framed as embedded in creative narrative and as procedural (subtracting fractions with like and unlike denominators). The teacher reads the student-authored script aloud, engaging with both the narrative structure and the mathematical content. A key moment occurs when the teacher adds conceptual depth to the script by inserting an explanation of why 6 is the common denominator ('because 2 and 3 both go into 6. They are factors of 6'), moving beyond pure procedure toward conceptual understanding. The teacher also coaches another group on maintaining consistency in their rounding explanation, insisting that the mathematical language be logically consistent throughout. Students are positioned as mathematical writers and explainers whose work is taken seriously and refined collaboratively. This episode reflects a mixed orientation: procedural in its mathematical content but asset-based in its positioning of students as creative authors and mathematical explainers. The behavioral management interruption (removing a student for inappropriate behavior) contrasts sharply with the otherwise collaborative tone.",,,,
Episode 8: Group Coaching — Long Division & Remainders Script,,,,
teacher,i don t want actually parts being given though until you have every line written i know that we started with narrator person all that stuff student c but you don t have to worry about those parts yet you just have to worry about getting the entire script down,N/A,Students as needing to focus on getting the complete script written before assigning roles,
student,so we have a lot of the script but i feel like it need something else,,,
teacher,what are you thinking,math as communicable reasoning — teacher prompts student to explain their thinking process,Students as thinkers whose ideas are worth soliciting; open question invites student input,
student,like inaudible,,,
teacher,okay let me look at it again to remind myself you re doing long division the balloons and did we say we were going to give another example is that where we went yesterday,Mathematics as embedded in creative narrative (long division with balloons),Students as collaborative script-writers; teacher re-engages with the group's prior work and checks on progress,
student,yes we did,,,
teacher,and did you work on that today,N/A,N/A,
student,we were talking about it yesterday but then we haven t started it yet,,,
teacher,do you have an idea yet,math as communicable reasoning — teacher prompts student to share their thinking process,"Students as idea-generators; teacher asks if they have an idea, positioning them as the source of the next mathematical scenario",
student,well we were thinking of the 100 people per inaudible,,,
teacher,well you already did 100 let s do another number,Mathematics as requiring varied examples,Students as capable of generating new numerical examples; teacher redirects to push for mathematical variety,
student,uh 250,,,
teacher,and remember you oh because you have the long division you have more to do you need to talk about what to do with the different remainders right so why don t you host student e s party and you need to sit them all at tables is that the one that you re thinking of,Mathematics as conceptual understanding (interpreting remainders in context — when to round up vs. drop the remainder),Students as mathematical thinkers who need to explore different real-world interpretations of remainders; teacher scaffolds by connecting the mathematical concept to a concrete scenario,encourages peer discussion and collaboration
student,yes,,,
teacher,so you re doing the example of what it is to have a remainder where you round up right if you have three people standing you have to add another table in,Mathematics as conceptual understanding (remainder as requiring rounding up in context),Students as capable of reasoning about when to round up a remainder in a real-world context,
student,yes,,,
teacher,were you here yesterday,N/A,N/A,
student,yeah he was,,,
teacher,then how do you not understand what i m talking about,N/A (classroom management),Students as expected to have retained prior day's discussion; teacher's tone is somewhat dismissive ,
student,student l can you explain it to him please,,,
student,we re going to keep this script and then we re going to add just another story just like a little one to it,,,
teacher,right so we have to figure out a way to transition okay so first we started with when it says person what does that mean is that the balloon man,math as communicable reasoning — teacher prompts students to interpret the meaning of a problem contextually,,
student,oh person yeah that s the balloon man,,,
teacher,okay so all we have is three and then he s a inaudible right 100 balloons you re not joining your group yet have a seat please you re not talking to them you re not doing anything with them right now do not talk to them okay 100 balloons we have to deliver them to 6 parties how many does each party get 100 divided by 6 i m just going to skim down here no you re not in that area i moved this group from that area yes 6 x 4 inaudible remainder there are several things you can do with the remainder in our case the best thing to do is drop the remainder this is called drop it what s that no pop it that means when you don t care about the remainder you just throw it away inaudible 16 go to each party okay now we inaudible we didn t say though the reason why we re dropping the 4 and the reason that we re dropping the 4 is because we don t have enough for all 6 parties and we want an equal number can i have the board for a second and your pencil i just want to add in a line for that now i need you all thinking about how you re going to transition into the next division problem do we want to keep the idea of the balloon man and the angel and devil it would be the easiest way to not make it seem like it s two stories in one you know what if the balloon guy s like wait hold on guys and he doesn t want them to go away yet you know student g it s like an angel and a devil sitting on his shoulder can you picture that in cartoons after the angel says to do something good the devil says do something bad,Mathematics as embedded in creative narrative; mathematics as conceptual (interpreting remainders in context — drop vs. round up),Students as script-writers and mathematical thinkers; teacher provides extensive scaffolding for the narrative structure while embedding the mathematical concept of different remainder interpretations; the balloon man scenario is co-constructed between teacher and students,
student,or inaudible,,,
teacher,i know it s not the point student g what i m saying is student k if you re the balloon man if he could say something like hold on guys i have another question i m holding a new years eve party this weekend and i have 250 guests and the tables that i have only seat 8 each so how do i figure out how many tables i need and then what you ll do is you re going to skip through how to divide you re just going to say okay hold on let me get that division in my head oh the answer is because that s fine right because the issue now is not how to divide but it s what to do with the remainder so once you say oh the answer is whatever remainder whatever one person talks about what to do about that remainder in the end,"Mathematics as embedded in creative narrative; mathematics as conceptual (what to do with remainders — the focus is on understanding, not just computing)",Students as co-constructors of a mathematical narrative; teacher provides a detailed scenario and explains that the focus is 'not how to divide but what to do with the remainder'; students are positioned as capable of understanding this conceptual distinction,encourages peer sharing to discuss reasoning about the remainder
student,could we say later than evening and then have him be like wondering why,,,
teacher,yeah and they come back i like that,N/A,Students as creative contributors; teacher affirms the student's narrative idea,
student,oh we re back,,,
teacher,so i think for all of the remainder things that we do it should be something like that we should stick with this idea of the balloon man and he just has different problems seven balloons for each party 16 balloons go to each party comma we drop the four the four balloons because,Mathematics as procedural (division with remainder — drop the remainder); mathematics as requiring conceptual justification (why we drop the 4),"Students as mathematical script-writers; teacher models how to add a justification line to the script, positioning students as needing to explain the reasoning behind procedures",
student,inaudible in each party,,,
teacher,each party needs an equal number okay so next you re going to do the one where you round up for the number of tables and then you can consider something else before you split the remainder but let s not worry about that one yet okay i m going to number these 1 2 okay you re going to need another piece of paper and we re not going to write the end any more we re not near the end,Mathematics as conceptual (multiple interpretations of remainders — round up vs. drop vs. split); mathematics as embedded in narrative,Students as mathematical thinkers capable of exploring multiple remainder interpretations; teacher scaffolds the next step while keeping the narrative frame,
student,why don t we all just do something that has an ending like inaudible,,,
teacher,that s at the very end student g we re not there student g doesn t understand what i m talking about because he wasn t here yesterday i know student l that you do so just try to bear,N/A,Students as working at different levels of understanding; teacher acknowledges that one student doesn't understand due to absence while affirming another's comprehension,
student,later that evening,,,
teacher,yeah later that evening dot dot dot and that s something that the narrator would say but you can write balloon man narrator whatever that kind of thing but let s not do gestures and that kind of stuff yet this a good start though nice job how s it going,N/A,Students as doing good work; Teacher affirms the group's progress,
"This episode centers on a group writing a long division script using a 'balloon man' narrative. Mathematics is framed as conceptual understanding of remainders — specifically, the teacher guides students to explore different real-world interpretations of remainders (drop the remainder because we need equal groups; round up because we need an extra table for leftover guests). This is the most conceptually rich mathematical framing in the transcript, as it moves beyond procedural computation to ask students to reason about what the remainder means in context and what to do with it. The teacher co-constructs the narrative with students, providing extensive scaffolding for both the mathematical concepts and the narrative transitions between examples. Students are positioned as co-constructors and creative thinkers, with the teacher affirming student ideas ('I like that') and building on their contributions. However, one moment stands out as deficit-adjacent: when a student doesn't understand, the teacher responds, 'Then how do you not understand what I'm talking about?' — attributing the confusion to the student rather than exploring the source of difficulty. Overall, this episode represents the strongest asset-based orientation in the transcript, combining conceptual mathematical reasoning with creative, student-authored narrative.",,,,
Episode 9: Group Coaching — Perimeter & Area Script,,,,
student,really good,,,
teacher,awesome,N/A,N/A,
student,we re rewriting our script so it s neater because the other one was like we couldn t even read it,,,
teacher,okay remind me what we re doing,,,
student,we re doing the balloon show,,,
teacher,on,N/A,N/A,
student,perimeter and area,,,
teacher,that s right,math as procedural correctness — teacher affirms correctness without elaboration,N/A,
student,since in the very first round we did like the questions that actually ask what perimeter and area and stuff were now we re doing hello let s say you have a garden that you are going to cover with mulch would you use perimeter or area to find out how much mulch you need and things like that,,,
teacher,i would use i don t know perimeter,Mathematics as conceptual understanding (distinguishing perimeter from area in context),"Students as mathematical questioners in a game-show format; teacher deliberately gives a wrong answer to model the role of a contestant, positioning students as the mathematical authorities who can correct the teacher",
student,wrong 0 55 00,,,
teacher,inaudible up by 20 points but can you explain this though can that be explained is there an announcer or,Mathematics as requiring explanation beyond correct/incorrect answers,Students as mathematical explainers; teacher pushes for explanation rather than just correct/incorrect identification,
student,inaudible,,,
teacher,okay so are you the person asking the questions you are right so you might also want to say unless the question goes to student g you might want to say no you use area because when we measure area we re measuring the surface of something the inside of something you know what i mean because the point of this is to be clear in our subject,Mathematics as conceptual understanding (area as measuring the surface/inside of something); mathematics as communicative ('the point of this is to be clear in our subject'),"Students as mathematical explainers who need to articulate conceptual reasoning for their audience; teacher models how to add an explanation to the script, positioning students as capable of producing clear mathematical communication",
student,you need to find out the amount you need to find out the surface,,,
teacher,yeah because you re finding what was this one for because you re finding the area of a surface something like that in your words is fine but i like how it s going all right are you making it consistent,Mathematics as conceptual understanding (area as surface measurement),Students as mathematical writers whose ideas are valued; teacher affirms the direction and asks about consistency,
multiple students,yes,,,
teacher,are you ready to join them,N/A,N/A,encourages joining peer group
student,yes,,,
teacher,i don t want to hear anything inappropriate and that goes for all four of you all of your conversation needs to be about this i m going to come see them and then i m going to come see you come sit here face this group and do a good job how s it going,N/A (classroom management),Students as needing behavioral monitoring; trust is conditional; teacher transitions between groups,"discourages off-task peer talk, emphasizes focused group work"
"This brief episode features a group writing a game-show-style script about perimeter and area. Mathematics is framed as conceptual understanding — specifically, distinguishing when to use perimeter versus area in real-world contexts (covering a garden with mulch). A notable pedagogical move occurs when the teacher deliberately gives a wrong answer ('I would use, I don't know, perimeter?'), positioning herself as a contestant and the students as the mathematical authorities who can correct her. The teacher then pushes for explanation beyond correct/incorrect identification ('can you explain this though?'), insisting that the script include conceptual reasoning ('the point of this is to be clear in our subject'). Students are positioned as mathematical explainers and communicators whose script needs to make the reasoning accessible to an audience. This episode, though short, reflects a strongly asset-based orientation: students are the mathematical authorities, and the teacher models being a learner.",,,,
Episode 10: Group Coaching — Decimal Multiplication Script,,,,
multiple students,good,,,
student,so 19 00,,,
student,we put a star there because we couldn t fit it,,,
teacher,i m trying to remember what your script is on,N/A,N/A,
student,grocery store and inaudible,,,
teacher,the broccoli right,N/A,N/A,
student,no celery,,,
teacher,oh the celery,N/A,N/A,
student,we did another one,,,
student,we added another item,,,
teacher,but the one yesterday was with the two kids right,N/A,N/A,
student,yes inaudible kids,,,
teacher,okay because i was telling the last class about your script because they were having trouble coming up with something to do for the multiplication so i told them about it okay so is this page one you should label them also,Mathematics as embedded in creative narrative (grocery store script about multiplication),"Students as mathematical script-writers whose work is worth sharing; teacher told another class about this group's script as a model, positioning these students as exemplars",
student,this one is page one where the star is,,,
student,this is page one and then you have to go to this part to the star,,,
teacher,on page one,N/A,N/A,
student,and we did another thing we did it for the ice cream,,,
teacher,okay let me look okay hello how are you i m good thank you so you re already up at the cash register right,Mathematics as embedded in creative narrative (grocery store scenario with decimal multiplication),"Students as script-writers; teacher reads the script aloud, engaging with the student-authored mathematical narrative",
student,yeah we finished,,,
teacher,okay,N/A,N/A,
student,no this is the second page,,,
student,that s the first page,,,
teacher,can i have a pencil please we need to number these plus you wrote on the wrong side of the page so it s confusing,N/A,"Students as needing organizational guidance (numbering pages, writing on correct side)",
student,oh sorry,,,
teacher,all right one,N/A,N/A,
student,that s just,,,
teacher,and then which side,math as procedural guidance — teacher prompts next step in a procedure without exploring reasoning,N/A,
student,then here but then we have to go to the star on the first page,,,
student,the star is where it starts,,,
teacher,okay one day a family of three went to a supermarket hurry up student g if you re going to go go okay sit down so kids what do you want to get cookies ice cream don t forget the celery inaudible everything else finally they go to the front of the line hello how are you i m good thank you so each bag of celery costs 8 25 and you have five bags of celery the estimate is i know since 8 25 is close to 8 and we have 5 bags of celery the estimate s 40 good job kids you re doing great math whoohoo then the cashier typed in 8 25 times 5 and got 41 25 wow that was really close to your estimate after many more items,Mathematics as embedded in real-world / everyday contexts (grocery shopping with decimals); mathematics as estimation practice,"Students as authors of a mathematical narrative that embeds estimation and decimal multiplication in a relatable grocery shopping scenario; teacher reads the full script aloud, validating the student-authored content",
student,no no no,,,
teacher,oh that was really close to your estimate now the ice cream you have three cartons each cost 6 50 now let s estimate 6 50 is close to 7 00 and 7 x 3 is 21 so our estimate is 21 inaudible dollars good job shall i keep going the cashier typed in 6 50 times 3 and got 19 50 and now we go back to the bottom after many more items they,Mathematics as estimation practice; mathematics as procedural (decimal multiplication); mathematics as embedded in everyday contexts,"Students as mathematical script-writers who have embedded estimation, multiplication, and real-world reasoning into their narrative; teacher continues reading and engaging with the content",
student,then you go back,,,
teacher,finally left see you later kids come back soon,Mathematics as embedded in narrative,Students as narrative authors; teacher reads the closing of the script,
student,shouldn t we say like the inaudible was,,,
teacher,i don t think that actually matters because i don t think that s necessary for what your script is about so the steps for multiplying decimals so you talked about how to estimate,Mathematics as focused on essential mathematical content (estimation and multiplication steps),Students as mathematical writers who need guidance on what is essential vs. extraneous; teacher redirects focus to the core mathematical content of the script,
student,estimate and then multiplying it,,,
teacher,multiplying and then adding in making sure that the estimate is close to your answer include how you know where the decimal goes in the answer yeah that s kind of covered in the estimate use correct place value charms so that was written in there to talk about if you were actually saying,"Mathematics as procedural (steps for multiplying decimals: estimate, multiply, check estimate against answer); mathematics as requiring precision (decimal placement)",Students as mathematical explainers who have covered estimation and multiplication but may need to address decimal placement; teacher reviews the script requirements and checks coverage,
student,move the decimal,,,
teacher,like this yes the moving like i drew yesterday the moving of the decimal,Mathematics as procedural (moving the decimal point),Students as mathematical learners who have been shown a procedure; teacher references prior demonstration,
student,but you said we didn t have to do that,,,
teacher,yeah okay so are you thinking that where are you thinking from here,math as communicable reasoning — teacher prompts student to explain their thinking process,Students as thinkers whose direction is worth soliciting; open questions invite student input,
student,i don t know,,,
teacher,it s good it s a little short but it s definitely good it gets the job done for what we want,N/A,Students as producers of good work; teacher affirms the group's output while noting room for expansion,
student,do you want all of them,,,
teacher,i m trying to think,N/A,N/A,
student,we added the new thing,,,
teacher,no it was good that you did it twice,math as procedural correctness — teacher affirms repeating a procedure without exploring reasoning,Students as having made a good decision to include two examples; teacher affirms their initiative,
student,miss f student c s been taking such a long time in the bathroom and i have to go,,,
teacher,well i assume he s in there by himself he s not fooling around you re just going to have to wait a minute till he comes out,N/A (classroom management),N/A,
student,why are you always filming things,,,
"This final episode features a group writing a grocery store script about decimal multiplication. Mathematics is framed as embedded in a real-world, everyday context (buying celery and ice cream at a supermarket) and as involving estimation, multiplication, and decimal placement. The teacher reads the student-authored script aloud, engaging with the mathematical content and the narrative structure. A notable moment occurs when the teacher reveals she shared this group's script with another class as a model, positioning these students as exemplary mathematical authors whose work is worth emulating. The teacher also reviews the mathematical requirements of the script (estimation, multiplication, decimal placement) and affirms the group's work ('It's good. It gets the job done for what we want'), while noting it could be expanded. Students are positioned as mathematical script-writers and creative producers. This episode continues the asset-based orientation of Episodes 7-9, framing mathematics as embedded in student-authored narrative and positioning students as capable, creative mathematical thinkers.",,,,